ID,タイトル,問題文,問題の答え,得点,難易度,問題パターン,削除フラグ,登録日時,修正日時
id,title,question,answer,score,level,pattern,deleted,created_ts,modified_ts
1,シーザー暗号を解読せよ,以下の暗号を解読し、元の文字列を解読せよ。この暗号はシーザー暗号という暗号化方式を利用して暗号化されている。<br>Vwdb Kxqjub,Stay Hungry,10,1,10,0,2017-12-27 12:24:12,2017-12-27 12:24:12
2,社長は誰,ソフトバンクグループ株式会社の代表取締役社長は誰でしょう？,1,10,1,20,0,2017-12-27 12:24:12,2017-12-27 12:24:12
3,パスワードをクラックせよ,クラッキング用ページのIDとパスワードをクラックせよ。クラックに成功したらパスワードの方を解答に入力してくれ。正解のIDとパスワードはクラッキング用ページのどこかにかかれているらしい。よく調べてくれ。,wATFyXV66LYHsCsoMDCeQLMfmGzU3A4C,10,1,30,0,2017-12-27 12:24:12,2017-12-27 12:24:12
4,開発者は誰,プログラミング言語、Perl の開発者は誰でしょう？,2,10,1,20,0,2017-12-27 12:24:12,2017-12-27 12:24:12
5,パスワードをクラックせよ,とある筋からユーザーIDとパスワードのリストを手に入れた。IDとパスワードはタブで区切られており、パスワードは暗号化されている。おそらくこのリストの中の誰かのアカウントがクラッキング用ページのIDとパスワードに一致するはずだ。暗号化されたパスワードを解読し、IDとパスワードをクラックせよ。,qUrbkTQy,10,4,31,0,2017-12-27 12:24:12,2017-12-27 12:24:12
6,創業者は誰,Facebook の創業者は誰でしょう？,3,10,1,20,0,2017-12-27 12:24:12,2017-12-27 12:24:12
7,サイトを改ざんせよ,改ざん用ページのサイトを改ざんせよ。テキストボックスに文字列やプログラムを入力してサイトを改ざんするんだ。解答には改ざんに使用したプログラムや文字列を入力せよ。,htmltag,10,7,30,0,2017-12-27 12:24:12,2017-12-27 12:24:12
8,店舗を特定せよ,下の写真が撮られたモスバーガーの店舗を特定せよ。解答には店名を入力せよ。(例えば天神北店)。写真には位置情報が埋め込まれているのでまずはそれを調べよう。,神楽坂下店,10,3,40,0,2017-12-27 12:24:12,2017-12-27 12:24:12
9,パスワードをクラックせよ,以下の実行ファイルを起動してパスワードをクラックせよ。実行ファイルの中身を解析すればパスワードがわかるかもしれない。,hacker,10,10,40,0,2017-12-27 12:24:12,2017-12-27 12:24:12
10,答えは何,この問題の答えはなんでしょう？,おつかれさまでした,10,100,10,0,2017-12-27 12:24:12,2017-12-27 12:24:12
11,IPアドレスを特定せよ,IP アドレスを特定せよ！ このURL http://www.hatena.ne.jp/ の IP アドレスを特定して入力してくれ！,59.106.194.19,10,10,10,0,2017-12-27 12:24:12,2017-12-27 12:24:12
12,WEBサーバーを特定せよ,WEB サーバーを特定せよ！ このhackersLab.博多のwebアプリを配信している webサーバーを特定して入力してくれ！,nginx,10,10,10,0,2017-12-27 12:24:12,2017-12-27 12:24:12
13,時間の計算,時間の計算とは！ コンピューターは時間の計算を ****秒を基準に考えている、 **** にはなにが入るか答えよ,エポック,10,10,10,0,2017-12-27 12:24:12,2017-12-27 12:24:12
14,うるう年を特定せよ,うるう年を特定せよ！ 紀元前1900年はうるう年か？うるう年なら true うるう年でないなら false を入力せよ！,false,10,10,10,0,2017-12-27 12:24:12,2017-12-27 12:24:12
15,プログラミングコードを解明せよ,プログラミングコードを解明せよ！ この Perl スクリプトを正しく実行するには **** になにを記述すればよいか！入力しくれ！,grep,10,10,40,0,2017-12-27 12:24:12,2017-12-27 12:24:12
16,ファイルのフォーマット,以下のバイナリファイルのフォーマットを答えよ,2,10,10,40,0,2017-12-27 12:24:12,2017-12-27 12:24:12
17,ログイン処理,以下のプログラムはとあるサイトにおけるログイン処理の一部である。$uidにはユーザー名、$passwordにはパスワードが入力されているとする。本来であればユーザー名とパスワードが一致しないとログインは出来ないが$uidにある入力を行うとパスワードを入力しなくてもログインができてしまう。その入力を答えよ。入力文字数は全部で11文字とする。なおこのサイトではkusakabeというユーザー名が存在していることは確認されている。,kusakabe\'--,10,10,40,0,2017-12-27 12:24:12,2017-12-27 12:24:12
18,プログラムの脆弱性,以下のPerlプログラムには脆弱性がある。$cmdにはユーザーの入力値が入っているとする。特定の文字を入れるとサーバーのファイル一覧が表示されてしまう。その入力を答えよ。入力文字数は2文字とする。,ls,10,10,40,0,2017-12-27 12:24:12,2017-12-27 12:24:12
19,ビット列の個数,以下のビット列の1の個数を数えよ,254,10,10,40,0,2017-12-27 12:24:12,2017-12-27 12:24:12
20,3本の棒,3本の棒A、B、Cがある。最初、棒Aには5枚の円板が大きい順に重ねてさしてある。円板を棒から棒に1枚ずつ動かして全円板を棒Bに集めるとき、何回の移動で完了するか。それぞれの棒から棒へ円板を1枚移動を1回と数える。ただし小さい円板の上に大きい円板をのせてはならない。,31,10,10,40,0,2017-12-27 12:24:12,2017-12-27 12:24:12
21,Cookieの名前,このサイトのCookieの名前(name)を表示せよ,hackers_session,10,10,10,0,2017-12-27 12:24:12,2017-12-27 12:24:12
22,突然画面にIPアドレス,とあるサイトを訪問すると突然画面にIPアドレスが表示され、架空請求を思わせる文言が表示された。以下はこのプログラムの一部である。****の部分を答えよ。,REMOTE_ADDR,10,10,40,0,2017-12-27 12:24:12,2017-12-27 12:24:12
23,ハッカーがよく使用するエディタ,ハッカーがよく使用するエディタでノーマルモードと挿入モードが別れておりESCを使って2つを切り替えるエディタを何というか。全て小文字で答えよ。,vim,10,2,10,0,2017-12-27 12:24:12,2017-12-27 12:24:12
24,Googleが開発してる,Googleが開発してるプログラミング言語を何というか。全て小文字で答えよ。,go,10,2,10,0,2017-12-27 12:24:12,2017-12-27 12:24:12
25,表示可能文字列の個数,バイナリファイルに含まれている表示可能文字列の個数を数えよ,576,10,10,40,0,2017-12-27 12:24:12,2017-12-27 12:24:12
26,世界最初のコンピュータは,「世界最初のコンピュータは？」<br>次の説明の（A）に入る言葉をアルファベット5文字で入力してください。<br>世界最初の汎用電子式コンピュータは通称（A）と呼ばれる,ENIAC,10,1,10,0,2017-12-27 12:24:12,2017-12-27 12:24:12
27,キャプテンクランチ,「キャプテンクランチ」<br>キャプテンクランチと呼ばれる伝説的ハッカーの「ジョン・T・ドレイパー」さん。<br>この方は、1972年に長距離電話でタダでかけるハッキングをした方ですが、何を利用してハックしたか次の中から選んでください。,4,10,1,20,0,2017-12-27 12:24:12,2017-12-27 12:24:12
28,キャプテンクランチ２,「キャプテンクランチ２」<br>キャプテンクランチはシリアルのおまけで長距離電話をタダでかけるハッキングをした人ですが、何ヘルツの音を出すことでハックが成功したのか次の中から選んでください。,4,10,1,20,0,2017-12-27 12:24:12,2017-12-27 12:24:12
29,主人公のあだ名,「主人公のあだ名」<br>メタリカ、ビーチ・ボーイ、ベイビィ・フェイス、ホワイト・アルバムという名前のキャラクターが出てくる物語の主人公は通称なんと呼ばれている？<br>アルファベット４文字で入力してください。,JOJO,10,1,10,0,2017-12-27 12:24:12,2017-12-27 12:24:12
30,共通点,「共通点」<br>次の名前はあるキャラクター名前です。３つの名前には共通点があります。<br>ボヘミアン・ラブソディー、スカイ・ハイ、アンダー・ワールド、同じ共通点の名前を次の中から選んでください。,4,10,2,20,0,2017-12-27 12:24:12,2017-12-27 12:24:12
31,正しい行動はどれ,「正しい行動はどれ？」<br> あなたは友人から電話で次のような相談を受けました。<br> <br> 「パソコンを使っていたら急に変なウィンドウが出てきた。<br> そのウィンドウには、<br> 『このウィンドウを消したければ、<br> 　http://****.com/****のアクセスして解除申請をしてください』<br> と書かれているがどうすればいい？」<br> <br> と聞かれました。<br> あなたは電話口で友人にアドバイスをしようとしていますが、<br> 次の中で、友人に行ってもらう行動として、最優先のものを選んでください。,2,10,2,20,0,2017-12-27 12:24:12,2017-12-27 12:24:12
32,Webサイトが見れない原因はなんだろう,「Webサイトが見れない原因はなんだろう？」<br> <br> あなたは新しいパソコンを購入しました。<br> <br> さっそくブラウザでYahooのトップ画面(http://www.yahoo.co.jp/)を見ようとしましたが、<br> サイトに繋がらず表示できませんでした。<br> 試しに自分のスマホでYahooのトップ画面を見ると表示できました。<br> <br> 新しいパソコンがネットに繋がってないと思ったあなたは<br> ルーターにpingを飛ばしてみたところ応答が返ってきます。<br> <br> 試しに、URLにhttp://183.79.135.206を入力してみたところ表示できました。<br> <br> この段階で考えられる原因として次の中から一番当てはまるものを選んでください。,4,10,3,20,0,2017-12-27 12:24:12,2017-12-27 12:24:12
33,IPアドレスから国を特定する,「IPアドレスから国を特定する」<br> <br> 次のIPアドレスの国を特定してください。<br> <br> IPアドレスその１：69.63.188.0<br> IPアドレスその２：121.201.98.0,4,10,3,20,0,2017-12-27 12:24:12,2017-12-27 12:24:12
34,パケットキャプチャしたい,「パケットキャプチャしたい・・・」<br> <br> あなたは職場の上司から、<br> 同僚のAさんが不審な通信をしてないか、<br> Aさんに知られずにネットワークの調査をしてほしいと頼まれました。<br> <br> しかしAさんは四六時中パソコンから離れないため、<br> Aさんのパソコンをあなたが直接さわることはできません。<br> <br> そこであなたはAさんのパソコンからインターネットまでのネットワークを<br> キャプチャしようと考えます。<br> 幸いAさんはネットワークが詳しくありませんし、<br> あなたとAさんは同じLANで接続しています。<br> <br> さて、この状況であなたが目的を達成するために、<br> 一番必要となる機器は次の中から選んでください。,4,10,4,20,0,2017-12-27 12:24:12,2017-12-27 12:24:12
35,特定の文字列を探そう,「特定の文字列を探そう」<br> <br> 画像ファイル「hackerz_Level4-1.png」の中から<br> 以下の文字列のAの部分に入っている文字を探して、答えを入力してください。<br> <br> hackerz{A},Enjoy Hack,10,4,40,0,2017-12-27 12:24:12,2017-12-27 12:24:12
36,豆知識,「豆知識」<br><br> あなたは文字が消せるボールペンで書かれたメモを発見しました。しかし既に消されていて文字が読めません。これを復元する方法は次のうちどれでしょう。,3,10,1,20,0,2017-12-27 12:24:12,2017-12-27 12:24:12
37,簡単な暗号を解いてみよう,「簡単な暗号を解いてみよう」<br><br>次の暗号文を解読した結果をひらがなで入力してください。<br><br>fklvklnlkdwlndudqdul,ちしきはちからなり,10,1,10,0,2017-12-27 12:24:12,2017-12-27 12:24:12
38,写真に写っているお店の名前は,「写真に写っているお店の名前は？」<br><br>次の画像は、「ウエスト◯◯店」です。◯◯に入る店名を答えてください。,和白,10,2,40,0,2017-12-27 12:24:12,2017-12-27 12:24:12
39,ファイルの行数をカウントしてみよう,「ファイルの行数をカウントしてみよう」<br><br>次のファイルは何行あるでしょう。<br>ただし、空の行(文字が書かれてない行)はカウント対象に含めません。,8946,10,3,40,0,2017-12-27 12:24:12,2017-12-27 12:24:12
40,WebサーバーのIPアドレスを調べよう,「WebサーバーのIPアドレスを調べよう」<br><br>以下のURLのWebサイトが稼働しているサーバーのIPアドレスを入力してください。<br><br>http://hackers.jpn.org/,219.94.192.72,10,3,10,0,2017-12-27 12:24:12,2017-12-27 12:24:12
41,Webサーバーを稼働しているホスティング・クラウド事業者は,「Webサーバーを稼働しているホスティング・クラウド事業者は？」<br><br>以下のURLのWebサイトが稼働しているサーバーのホスティング・クラウド事業者は次のうちどれでしょう。<br><br>http://hackers.jpn.org/,4,10,3,20,0,2017-12-27 12:24:12,2017-12-27 12:24:12
42,WebサーバーのOSを調べよう,「WebサーバーのOSを調べよう」<br><br>以下のURLのWebサイトが稼働しているサーバーのOSを入力してください。<br><br>http://hackers.jpn.org/,2,10,3,20,0,2017-12-27 12:24:12,2017-12-27 12:24:12
43,特定のネットワークからのアクセスを防いでみよう,「特定のネットワークからのアクセスを防いでみよう」<br><br>あなたが管理しているWebサイトに次のIPアドレスから不正アクセスがあったとします。<br><br>219.94.192.72<br><br>あなたは、このサーバーが所属するネットワークからの全てのアクセスを遮断させたいので、.htaccessの内容を確認したところ以下の設定になっていました。<br><br>order allow deny<br>allow from all<br>deny from 125.64.0.0/13<br>deny from 82.238.88.0/22<br>deny from 62.210.128.0/17<br>deny from 191.96.249.0/24<br><br>この設定に1行だけ追加してアクセスを遮断するには、どのような設定を追加すればよいでしょうか？ 設定内容を入力してください。,deny from 219.94.192.0/24,10,4,10,0,2017-12-27 12:24:12,2017-12-27 12:24:12
44,パケットダンプファイルの解析をしてみよう,「パケットダンプファイルの解析をしてみよう」<br><br>添付のパケットダンプファイルはあるWebサーバとの通信をキャプチャしたものです。<br>このWebサイトのtitleタグの値を入力してください。,Hackerz Lab.博多,10,4,40,0,2017-12-27 12:24:12,2017-12-27 12:24:12
45,パケットダンプファイルからデータを抽出してみよう,「パケットダンプファイルからデータを抽出してみよう」<br><br>添付のパケットダンプファイルはあるWebサーバとの通信をキャプチャしたものです。<br>このキャプチャからjpgファイルを探して復元し、 画像ファイルの中央に書かれている白い文字を入力してください。,ホワイトハッカー養成所HackerzLab.博多,10,5,40,0,2017-12-27 12:24:12,2017-12-27 12:24:12
46,POPの説明,通信プロトコルであるPOPの説明として、適切なものはどれか。,4,10,10,20,0,2018-03-17 16:02:50,2018-03-17 16:02:50
47,不正アクセスを防ぐ,外出先でPCをインターネットに直接接続するとき、インターネットからの不正アクセスを防ぐために使用するものとして、適切なものはどれか。,2,10,10,20,0,2018-03-17 16:02:50,2018-03-17 16:02:50
48,パスワードリスト攻撃,あるWebサイトからIDとパスワードが漏えいし、そのWebサイトの利用者が別のWebサイトで、パスワードリスト攻撃の被害に遭ってしまった。このとき、Webサイトで使用していたIDとパスワードに関する問題点と思われる記述はどれか。,2,10,10,20,0,2018-03-17 16:02:50,2018-03-17 16:02:50
49,認証方式,利用者が、トークンと呼ばれる装置などで生成した毎回異なる情報を用いて、認証を受ける認証方式を何というか。,4,10,10,20,0,2018-03-17 16:02:50,2018-03-17 16:02:50
50,輻輳(ふくそう),ネットワークにおける輻輳(ふくそう)に関する記述として、適切なものはどれか。,3,10,10,20,0,2018-03-17 16:02:50,2018-03-17 16:02:50
51,暗号化に当てはまるもの,次の選択肢の中で暗号化に当てはまるものはどれでしょう,2,10,10,20,0,2018-03-17 16:02:50,2018-03-17 16:02:50
52,暗号文を解読,次の暗号文を解読した結果を入力してください<br><br>Yml0Y29pbg==<br><br>,bitcoin,10,10,10,0,2018-03-17 16:02:50,2018-03-17 16:02:50
53,暗号文を解読その２,次の暗号文を解読した結果を入力して下さい前回の問題からわかりにくい文字列は除外されたもので暗号化しています<br><br>CcoGgs4CvGk<br><br>,Ethereum,10,10,10,0,2018-03-17 16:02:50,2018-03-17 16:02:50
54,ダウンロードして解読,次のファイルをダウンロードして解読してください、aes-256-cbcでのencrypt、passwordはhackerzlabです。,nem,10,10,40,0,2018-03-17 16:02:50,2018-03-17 16:02:50
55,公開鍵は人に見せても,公開鍵は人に見せても大丈夫なものです、僕の公開鍵はネット上に置いてあります。それを見つけ出して鍵本体の最初の5文字を入力してください。 <br>以下アカウント<br> <br>Github: nkchan<br> <br>Twitter: @kaoru_nkchan<br> <br>Facebook: KaoruNagasima<br>,AAAAE,10,10,10,0,2018-03-17 16:02:50,2018-03-17 16:02:50
56,Hash関数の特性,次の選択肢の中でHash関数の特性に当てはまらないものはどれか,4,10,10,20,0,2018-03-17 16:02:50,2018-03-17 16:02:50
57,このHash値が騒動,このHash値が騒動になった仮想通貨はなんでしょう、すべて小文字で入力してください。<br><br>f9c67313230bfc45ba8ffe5e6abeb8b7dc2eddc99c9cebc111fcd7c50d11dc80<br><br>,monero,10,10,10,0,2018-03-17 16:02:50,2018-03-17 16:02:50
58,saltつきHash,次のsaltつきHashのsaltを入力してください<br><br>$6$/Nw1U1kH$FRHN9SWl9kpBOUTmerdnxuiGdUh9GYVPdcCvAit35XBzaUfdTx7w.l1CahRUPTEHFnkV8HD7INRsLisFoybqx.<br><br>,/Nw1U1kH,10,10,10,0,2018-03-17 16:02:50,2018-03-17 16:02:50
59,sha2で何bit,前回の問題のHash値はsha2で何bitでHash化してるでしょうか、ビット数を入力してください,512,10,10,10,0,2018-03-17 16:02:50,2018-03-17 16:02:50
60,2つのファイルはある値が同じ,次のファイルをダウンロードしてください。2つのファイルはある値が同じです、何が同じでしょう、すべて小文字、数字で入力してください,sha1,10,10,40,0,2018-03-17 16:02:50,2018-03-17 16:02:50
61,文字コードに最小限必要なビット数(ITパスポート過去問),A～Zの26種類の文字を表現する文字コードに最小限必要なビット数は幾つか。,2,10,1,20,0,2018-05-12 13:49:43,2018-05-12 13:49:43
62,ワイルドカード検索(ITパスポート過去問),ワイルドカードを使って「*A*.te??」の表現で文字列を検索するとき、つぎの文字列のうち、検索条件に一致するものだけを全て挙げたものはどれか。ここで、ワイルドカードの「?」は任意の1文字を表し、「*」は0個以上の任意の文字から成る文字列を表す。,1,10,1,20,0,2018-05-12 13:49:43,2018-05-12 13:49:43
63,四つの状態(ITパスポート過去問),①～④の番号をもつ四つの状態がある。四つの状態は図のようにつながれており、時計回りや反時計回りに状態を選移することができる。<br> <img src="/static/images/q63.jpg" width="200" height="200"> <br> 現在、状態1にいて、次の手順を2回実施した後はどの状態にいるか。<br> <br> 〔手順〕<br> 今いる状態の番号を11倍し，それを3で割った余りによって次の処理を行う。<br> ・余りが0の場合: 時計回りに一つ次の状態に遷移する。<br> ・余りが1の場合: 反時計回りに一つ次の状態に選移する。<br> ・余りが2の場合: 時計回りに二つ次の状態に選移する。<br>,4,10,1,20,0,2018-05-12 13:49:43,2018-05-12 13:49:43
64,CPUの速度(ITパスポート過去問),32ビットCPU及び64ビットCPUに関する記述のうち、適切なものだけを全て挙げたものはどれか。<br> a: 32ビットCPUと64ビットCPUでは、64ビットCPUの方が取り扱えるメモリ空間の理論上の上限は大きい。<br> b: 64ビットCPUを搭載したPCで動作する32ビット用のOSはない。<br> c: USBメモリの読み書きの速度は、64ビットCPUを採用したPCの方が32ビットCPUを採用したPCよりも2倍速い。<br>,1,10,1,20,0,2018-05-12 13:49:43,2018-05-12 13:49:43
65,クロスサイトスクリプティング(ITパスポート過去問),クロスサイトスクリプティングなどの攻撃でCookieが漏えいすることによって受ける被害の例はどれか。,3,10,1,20,0,2018-05-12 13:49:43,2018-05-12 13:49:43
66,DNSブロッキング,2018年4月23日にNTTによって行われたDNSブロッキングが行われました、DNSブロッキングが行われた3つのサイトは「漫画村」と「Anitube」とあともう一つはなんでしょう。,3,10,1,20,0,2018-05-12 13:49:43,2018-05-12 13:49:43
67,文字列処理をしよう!①,次のファイルをDLして、ファイルの文字数を入力してください(空白、改行コードを含まない)<br><div> <a href="/static/text/vol17/HLHQuiz1.txt" download="HLHQuiz1.txt" class="btn btn-primary btn-lg btn-block">データをダウンロード<br>(右クリックで保存)</a> </div>,2493,10,2,10,0,2018-05-12 13:49:43,2018-05-12 13:49:43
68,文字列処理をしよう!②(総和を求めよう),次のファイルをDLして、ファイルの中の数字の総和を入力してください。それぞれの数字はカンマと改行コードで区切られています。<br><div> <a href="/static/text/vol17/HLHQuiz2.txt" download="HLHQuiz2.txt" class="btn btn-primary btn-lg btn-block">データをダウンロード<br>(右クリックで保存)</a> </div><br>例えば<br> -----<br>3 4<br>1 10<br>-----<br>答えは 18<br>,571,10,2,10,0,2018-05-12 13:49:43,2018-05-12 13:49:43
69,文字列処理をしよう!③(文字数を求めよう),次のファイルをDLして、ファイルのアルファベット(小文字)の文字数を入力してください。<br><div> <a href="/static/text/vol17/HLHQuiz3.txt" download="HLHQuiz3.txt" class="btn btn-primary btn-lg btn-block">データをダウンロード<br>(右クリックで保存)</a> </div>,165,10,2,10,0,2018-05-12 13:49:43,2018-05-12 13:49:43
70,文字列処理をしよう!④(文字数を先頭から),次のファイルをDLして、ファイルの中の文字列「Now I need a drink ...」という文を単語に分解し、各単語の（アルファベットの）文字数を先頭から並べてください<br><div> <a href="/static/text/vol17/HLHQuiz4.txt" download="HLHQuiz4.txt" class="btn btn-primary btn-lg btn-block">データをダウンロード<br>(右クリックで保存)</a> </div>,314159265358979,10,2,10,0,2018-05-12 13:49:43,2018-05-12 13:49:43
71,AWSがBGPハイジャック,4/24にAWSがBGPハイジャックを受けて「MyEtherWallet.com」のユーザーが仮想通貨を盗まれる事件が発生しました、その事態が発生したAWSのクラウドベースのDNSサービスの名前はどれでしょう。,1,10,1,20,0,2018-05-12 13:49:43,2018-05-12 13:49:43
72,どのOSのサイトか探して,IPアドレス `91.189.89.110` は選択肢の中のOSのWebサイトです、どのOSのサイトか探してください。,2,10,2,20,0,2018-05-12 13:49:43,2018-05-12 13:49:43
73,何台つながる？,IPアドレスは複数のクラスに分類されます、そのうちクラスCに分類されるIPは何台のクライアントを接続させることができますか、台数を数字だけで入力してください。,254,10,2,10,0,2018-05-12 13:49:43,2018-05-12 13:49:43
74,パケット解析①(OSは？),次のファイルをダウンロードしてください、この通信の中身を確認するとサーバのOSの種類がわかるのでそれをすべて小文字で入力してください。<br><div> <a href="/static/bin/vol17/HLHQuiz4.cap" download="HLHQuiz4.cap" class="btn btn-primary btn-lg btn-block">データをダウンロード<br>(右クリックで保存)</a> </div>,ubuntu,10,3,10,0,2018-05-12 13:49:43,2018-05-12 13:49:43
75,パケット解析②(なんのコマンド？),次のファイルをダウンロードしてください、ファイルを解析して、クライアントはなんのネットワークコマンドを実行しているかを見つけて、それを入力してください。<br><div> <a href="/static/bin/vol17/HLHQuiz5.cap" download="HLHQuiz5.cap" class="btn btn-primary btn-lg btn-block">データをダウンロード<br>(右クリックで保存)</a> </div>,traceroute,10,3,10,0,2018-05-12 13:49:43,2018-05-12 13:49:43
76,新しいWifiのプロトコル,2018年6月25日(アメリカ時間)に発表された新しいWifiの認証プロトコルは次のうちどれでしょう,2,10,1,20,0,2018-07-01 10:29:51,2018-07-01 10:29:51
77,FQDN,ドメイン名の表記においては、一般的にルートはなんの記号で表されるでしょうか？<br><br>一般にドメインのルートはブラウザや、サーバに補完するので、意識することはありません<br>//詳しい人へ RFCで厳密にはFQDNの定義はされていませんが、そこはとやかく言わずにお願いします,.,10,2,10,0,2018-07-01 10:29:51,2018-07-01 10:29:51
78,ROOTサーバ,世界にあるDNSのrootサーバはいくつでしょう？,13,10,2,10,0,2018-07-01 10:29:51,2018-07-01 10:29:51
79,content typeを探す,http://hackerz.sakura.ne.jp/wp/ のページのcontent typeを入力してください,text/html,10,2,10,0,2018-07-01 10:29:51,2018-07-01 10:29:51
80,日本語URL,http://日本語.jp/ は 内部的にはある文字列に変換されてアクセスされます。どのような文字列に変換されているでしょう。<br>http:// と .jpまで含めて入力してください,http://xn--wgv71a119e.jp,10,2,10,0,2018-07-01 10:29:51,2018-07-01 10:29:51
81,SSD の特性,フラッシュメモリを用いたSSD(Solid State Drive)は、ハードディスクの代わりとして期待されている記憶装置である。このSSDを用いるときに留意すべき点はどれか。,1,10,1,20,0,2018-09-07 12:47:25,2018-09-07 12:47:25
82,互換CPU,互換CPUに関する記述のうち、最も適切なものはどれか。,1,10,1,20,0,2018-09-07 12:47:25,2018-09-07 12:47:25
83,ディジタル署名,ディジタル署名を用いることで可能なことはどれか。,2,10,1,20,0,2018-09-07 12:47:25,2018-09-07 12:47:25
84,購入者に帰属する権利,CD-ROMに記録されたPCのソフトウェアパッケージを購入することによって、購入者に帰属する権利はどれか。,1,10,1,20,0,2018-09-07 12:47:25,2018-09-07 12:47:25
85,マイナンバーの取扱い,企業におけるマイナンバーの取扱いに関する行為a～cのうち、マイナンバー法に照らして適切なものだけを全て挙げたものはどれか<br>a: 従業員から提供を受けたマイナンバーを人事評価情報の管理番号として利用する。<br>b: 従業員から提供を受けたマイナンバーを税務署に提出する調書に記載する。<br>c: 従業員からマイナンバーの提供を受けるときに、その番号が本人のものであることを確認する,4,10,1,20,0,2018-09-07 12:47:25,2018-09-07 12:47:25
86,EU一般データ保護規則,EU一般データ保護規則(General Data Protection Regulation/以下、GDPRという)は、2016年4月27日に採択され、2018年5月25日より適用される、個人情報の保護に関する欧州連合規則である。 <br>GDPRは、EU居住者などの個人情報を取り扱う場合に、EU外に拠点をおく個人や集団にも適用するとされる。 <br>この、法令を自国外の事象に拡大して適用することをなんというか、漢字4字で答えよ。,域外適用,10,3,10,0,2018-09-07 12:47:25,2018-09-07 12:47:25
87,不正指令電磁的記録に関する罪,不正指令電磁的記録に関する罪は、2011年6月に成立し、同7月14日より施行された、情報処理の高度化等に対処するための刑法等の一部を改正する法律による新たな犯罪類型である。 <br>2017年秋頃、特定のスクリプトを設置したWebサイトを閲覧した場合に、閲覧者の計算資源を利用して暗号通貨Moneroの採掘を行い、設置者が利益を獲得する方式が発表された。 <br>2018年6月頃、この特定のスクリプトを自身の運営するWebサイト上に設置し、運用した者数名が警察に検挙された。 <br>この特定のスクリプトの名称を英字8字で答えよ。,coinhive,10,3,10,0,2018-09-07 12:47:25,2018-09-07 12:47:25
88,写真の撮影場所,この写真の撮影場所を特定し、住所の市町村名までを漢字11字で答えよ。<br><div> <a href="/static/bin/vol19/DSC_0327.JPG" download="DSC_0327.JPG" class="btn btn-primary btn-lg btn-block">データをダウンロード<br>(右クリックで保存)</a> </div>,東京都西多摩郡奥多摩町,10,4,10,0,2018-09-07 12:47:25,2018-09-07 12:47:25
89,Apache HTTP Serverのアクセスログ,これは、あるWebサイトを設置しているWebサーバーにおけるApache HTTP Serverのアクセスログの抜粋である。<br>このアクセスログは、ある攻撃の試行を示すものであるが、それは次のうちどれか答えよ。<br><div> <a href="/static/bin/vol19/example.com.access.log" download="example.com.access.log" class="btn btn-primary btn-lg btn-block">データをダウンロード<br>(右クリックで保存)</a> </div>,3,10,5,20,0,2018-09-07 12:47:25,2018-09-07 12:47:25
90,ブラウザの説明,ブラウザの説明としてもっともふさわしいものはどれでしょう,1,10,1,20,0,2019-04-06 14:10:09,2019-04-06 14:10:09
91,拡張子,拡張子について正しいものはどれでしょう,2,10,1,20,0,2019-04-06 14:10:09,2019-04-06 14:10:09
92,パスワード,パスワードとしてもっとも適切なものはどれでしょう,3,10,1,20,0,2019-04-06 14:10:09,2019-04-06 14:10:09
93,ネット上のデータ,インターネット上を流れるデータは第三者に盗聴（盗み見）される恐れがある,1,10,1,20,0,2019-04-06 14:10:09,2019-04-06 14:10:09
94,インストールの説明,インストールの説明として正しいものはどれでしょう。,2,10,1,20,0,2019-04-06 14:10:09,2019-04-06 14:10:09
95,ハードウェアの説明,ハードウェアの説明としてもっともふさわしいものはどれでしょう,1,10,1,20,0,2019-04-06 14:10:09,2019-04-06 14:10:09
96,シーザー暗号で暗号化,次の暗号文はシーザー暗号で暗号化されています。解読してみましょう。EBIIL EXZHBOP,HELLO HACKERS,10,1,10,0,2019-04-06 14:10:09,2019-04-06 14:10:09
97,インターネット,インターネットについて正しいものはどれでしょう。,4,10,1,20,0,2019-04-06 14:10:09,2019-04-06 14:10:09
98,TCPの特徴,TCPの特徴として正しくないものはどれでしょう。,2,10,1,20,0,2019-04-06 14:10:09,2019-04-06 14:10:09
99,UDPの特徴,UDPの特徴として正しくないものはどれでしょう。,3,10,1,20,0,2019-04-06 14:10:09,2019-04-06 14:10:09
100,ping,とあるWebサーバ(example.com)に接続することができない。ネットワーク技術者は原因の調査のため以下のコマンドをWebサーバに実行したところ「Time to live exceeded」というメッセージが表示された。原因は次のうちどれと考えられるでしょう。<br> >ping example.com,1,10,1,20,0,2019-04-06 14:10:09,2019-04-06 14:10:09
101,スイッチングハブ,とある会社に勤める新入社員の斎藤さんは使用後の会議室の片付け中にスイッチングハブから抜けているLANケーブルを見つけたので無造作に接続した。その直後に営業課のネットワークがダウンした。原因としてもっとも考えられるのはどれでしょう。,2,10,1,20,0,2019-04-06 14:10:09,2019-04-06 14:10:09
102,IPv6の特徴,IPv6の特徴として正しいものはどれでしょう。,3,10,1,20,0,2019-04-06 14:10:09,2019-04-06 14:10:09
103,スイッチとハブ,スイッチとハブの違いについて正しいものはどれでしょう。,4,10,1,20,0,2019-04-06 14:10:09,2019-04-06 14:10:09
104,TCP/IP階層,TCP/IP階層モデルの第3層はどれでしょう。,3,10,1,20,0,2019-04-06 14:10:09,2019-04-06 14:10:09
105,スイッチングハブ,スイッチングハブにPCを接続すると自動的にIPアドレスを取得してインターネットに接続する準備が完了した。この時どのプロトコルが自動的にアドレスを設定したでしょう。,2,10,1,20,0,2019-04-06 14:10:09,2019-04-06 14:10:09
106,TCP/UDP,TCP/UDPにおいてポート番号について正しいものはどれでしょう。,2,10,1,20,0,2019-04-06 14:10:09,2019-04-06 14:10:09
107,IPアドレス,IPアドレスはネットワークにおいてどんな役割を持っているでしょう。,1,10,1,20,0,2019-04-06 14:10:09,2019-04-06 14:10:09
108,通信プロトコル,通信プロトコル（つうしんプロトコル、Communications protocol）、あるいはネットワーク・プロトコルは、ネットワーク上での通信に関する規約を定めたものです。「通信規約」や「通信手順」と訳す場合もあります。プロトコルとその解説の組み合わせとして、下記の中から誤っているものを１つ選んでください。,2,10,1,20,0,2019-05-03 14:14:08,2019-05-03 14:14:08
109,OSではないものを選べ,下記のコンピュータ用語のうち、OS(オペレーティングシステム、Operating System）に分類されないものを３つ選び、小さい順に数字を並べて、解答欄に３ケタで入力してください。<br>入力例）<br> 1と3と5の場合 ==> 　135　と入力する<br> <br> <br> 1.　Microsoft Windows（マイクロソフト　ウインドウズ）<br> 2.　Microsoft Edge（マイクロソフト　エッジ）<br> 3.　Google Chrome OS（グーグル　クローム　オーエス）<br> 4.　Android（アンドロイド）<br> 5.　iOS（アイ・オーエス）<br> 6.　X Window System（エックス　ウインドウ　システム）<br> 7.　FreeBSD（フリービーエスディ）<br> 8.　Ubuntu(Debian GNU/Linux)（ウブントゥ（デビアン グニュー/リナックス））<br> 9.　Safari（サファリ）<br>,269,10,1,10,0,2019-05-03 14:14:08,2019-05-03 14:14:08
110,UNIXはどれだ？,次のOSのうち、UNIX（ユニックス）またはUNIX互換OSに分類されないものを選んでください。,1,10,1,20,0,2019-05-03 14:14:08,2019-05-03 14:14:08
111,２進数,10進数の[31]を2進数で表現すると、どんな値になりますか？、2進数5ケタで回答してください。,11111,10,1,10,0,2019-05-03 14:14:08,2019-05-03 14:14:08
112,CPUのコア数,「インテル® Core™ i7-9700K プロセッサー」に内蔵されているコア数を回答欄に入力してください。コアとはCPUの中心部分であり実際の処理を担っている場所のことです。基本的に内蔵されているコア数が多いほどパソコンが一度に処理可能な作業数が増え、同時に複数のプログラムを動かしやすくなります。,8,10,1,10,0,2019-05-03 14:14:08,2019-05-03 14:14:08
113,必要な共通鍵の総数,共通鍵暗号方式で、100人の送受信者のそれぞれが、相互に暗号化通信を行うときに必要な共通鍵の総数は幾つか。,2,10,1,20,0,2019-05-03 14:14:08,2019-05-03 14:14:08
114,共通鍵暗号方式の特徴,公開鍵暗号方式と比べた場合の、共通鍵暗号方式の特徴として適切なものはどれか。,2,10,1,20,0,2019-05-03 14:14:08,2019-05-03 14:14:08
115,RSA公開鍵暗号化方式の発明者,RSA公開鍵暗号化方式の発明者ではない人物の番号を答えよ,2,10,1,20,0,2019-05-03 14:14:08,2019-05-03 14:14:08
116,暗号化で使用する鍵,Xさんは、Yさんにインターネットを使って電子メールを送ろうとしている。電子メールの内容を秘密にする必要があるので、公開鍵暗号方式を使って暗号化して送信したい。電子メールの内容を暗号化するのに使用する鍵はどれか。,3,10,1,20,0,2019-05-03 14:14:08,2019-05-03 14:14:08
117,商店と顧客の鍵,ある商店が、顧客からネットワークを通じて注文(メッセージ)を受信するとき、公開鍵暗号方式を利用して、注文の内容が第三者に分からないようにしたい。商店、顧客のそれぞれが利用する、商店の公開鍵、秘密鍵の適切な組合せはどれか。,3,10,1,20,0,2019-05-03 14:14:08,2019-05-03 14:14:08
118,公開鍵暗号方式で必要な鍵の総数,公開鍵暗号方式によって、n人が相互に暗号を使って通信する場合、異なる鍵は全体で幾つ必要になるか。ここで、公開鍵、秘密鍵をそれぞれ一つと数える。,2,10,1,20,0,2019-05-03 14:14:08,2019-05-03 14:14:08
119,ハイブリッド暗号方式の特徴,OpenPGPやS/MIMEにおいて用いられるハイブリッド暗号方式の特徴はどれか。,2,10,1,20,0,2019-05-03 14:14:08,2019-05-03 14:14:08
120,ディジタル署名に用いる鍵,ディジタル署名に用いる鍵の種別に関する組合せのうち、適切なものはどれか。,4,10,1,20,0,2019-05-03 14:14:08,2019-05-03 14:14:08
121,文書ファイルとディジタル署名,送信者Aが文書ファイルと、その文書ファイルのディジタル署名を受信者Bに送信したとき、受信者Bができることはどれか。ここで、受信者Bは送信者Aの署名検証鍵Xを保有しており、受信者Bと第三者は送信者Aの署名生成鍵Yを知らないものとする。,3,10,1,20,0,2019-05-03 14:14:08,2019-05-03 14:14:08
122,べき乗の規則性,"下記の表は、「元の値」（1から13）の1乗、2乗、...、10乗の値を計算した結果の表である。結果をみると、1乗の列のほかに、1桁目の値が「元の値」の1桁目と同じ値となっている列が２列ある。その2つの列番号の和を解答欄に記入せよ。<br> <br> 回答の入力例）<br> ２列目と３列目の場合 ⇒ 2 + 3 = 5 なので、5 と入力する。<br><br> <img src=""/static/images/vol21_2_10.jpg"" width=100%> <br>",14,10,1,10,0,2019-05-03 14:14:08,2019-05-03 14:14:08
123,"緯度軽度から住所を特定(例：35°41'22.2""N 139°41'31.2""E)","北緯38°28'56.5"" 東経22°30'04.3から見える遺跡の名前は何でしょう？",デルポイ,10,1,10,0,2019-07-04 17:54:19,2019-07-04 17:54:19
124,EXIFとは何か？,次の中でEXIFについての解説として正しいものを選んでください。,1,10,1,20,0,2019-07-04 17:54:19,2019-07-04 17:54:19
125,画像の位置情報を特定,添付の写真が撮影された都市の名前を答えてください。,カリフォルニア州 ロサンゼルス チャイナタウン,10,1,10,0,2019-07-04 17:54:19,2019-07-04 17:54:19
126,画像を撮影した端末のOSを特定,添付の写真を撮影したカメラのメーカーと機種名を答えてください。,Panavision PSR-200,10,1,10,0,2019-07-04 17:54:19,2019-07-04 17:54:19
127,IPアドレスとは何か？,次の中でIPアドレスについての解説として正しいものを選んでください。,2,10,1,20,0,2019-07-04 17:54:19,2019-07-04 17:54:19
128,WEBサーバーとは何か？,次の中でWebサーバについての解説として正しいものを選んでください。,2,10,1,20,0,2019-07-04 17:54:19,2019-07-04 17:54:19
129,指定のサイト（のWEBサーバー）のIPを特定,『asobimo.com』のIPアドレスを特定してください。,59.106.157.51,10,1,10,0,2019-07-04 17:54:19,2019-07-04 17:54:19
130,ドメインとは何か？,次の中でドメイン名についての解説として正しいものを選んでください。,3,10,1,20,0,2019-07-04 17:54:19,2019-07-04 17:54:19
131,IPアドレスからドメインを特定,IPアドレス『219.118.212.132』のドメイン名を特定してください。,www.muumuu.com,10,1,10,0,2019-07-04 17:54:19,2019-07-04 17:54:19
132,IPアドレスから国を特定,IPアドレス『51.75.205.31』はどこの国に存在しているかを特定してください。,イギリス(英国/グレートブリテン及び北部アイルランド連合王国),10,1,10,0,2019-07-04 17:54:19,2019-07-04 17:54:19
133,DNSサーバソフトウェア,以下のOSSソフトウェアのうち、DNSサーバではないものをすべて選び、昇順で並べて解答欄に入力せよ。<br> <br> 1. BIND<br> 2. ypbind<br> 3. NSD<br> 4. PowerDNS<br> 5. Postfix<br> 6. Micrsoft DNS Server<br> <br> 入力例）3と5と6の場合 --->    356,25,10,1,10,0,2019-07-04 17:54:19,2019-07-04 17:54:19
134,DNSサーバのポート番号,DNSサーバが名前解決のリクエストを受け付ける際に使用するポート番号(TCP/UDP共通)を答えよ。,53,10,1,10,0,2019-07-04 17:54:19,2019-07-04 17:54:19
135,DNSのUDPメッセージサイズの上限,DNSの最初の仕様であるRFC 883には、UDPデータグラムメッセージのサイズの上限が記載されている。何オクテットと記載されているか？,512,10,1,10,0,2019-07-04 17:54:19,2019-07-04 17:54:19
136,/etc にある設定ファイル,UNIX系OSにおいて、DNSの所属ドメイン名や参照するDNSサーバのアドレスを設定するファイルは以下のうちどれか。１つ選び解答欄に入力せよ。<br> <br> 1. /etc/passwd<br> 2. /etc/group<br> 3. /etc/hosts<br> 4. /etc/nsswitch.conf<br> 5. /etc/resolv.conf<br> 6. /etc/fstab<br>,5,10,1,10,0,2019-07-04 17:54:19,2019-07-04 17:54:19
137,/etc/nsswitch.conf,下記のコマンド実行結果は、とあるUNIX系OSのホスト上で /etc/nsswitch.conf の内容をcatコマンドで表示した結果である。<br> <br> 有効となっている名前解決の手段の番号を、優先度順に選んで並べ、解答欄に入力せよ。<br> <br> [root@Tiger ~]# cat /etc/nsswitch.conf<br> #hosts: db files nisplus nis dns<br> hosts: files dns<br> <br> 1. DNS<br> 2. NIS<br> 3. NIS Plus<br> 4. LDAP<br> 5. /etc/hosts<br> 6. /etc/group<br> <br> 入力例）<br> 3、2、4 の順の場合  -->   324 と入力,51,10,1,10,0,2019-07-04 17:54:19,2019-07-04 17:54:19
138,DNSルートサーバ,インターネット上のDNSには論理的に13台のrootサーバがある。以下の選択肢のうち、実在するものを１つ選び、解答欄に入力せよ。<br> <br> 1. m.root-servers.net<br> 2. n.root-servers.net<br> 3. o.root-servers.net<br> 4. x.root-servers.net<br> 5. y.root-servers.net<br> 6. z.root-servers.net,1,10,1,10,0,2019-07-04 17:54:19,2019-07-04 17:54:19
139,実在しないレコード,下記の選択肢のうち、実在しないものを１つ選び、番号を解答欄に入力せよ。<br> <br> 1. SOAレコード<br> 2. NSレコード<br> 3. Aレコード<br> 4. AAレコード<br> 5. AAAAレコード<br> 6. PTRレコード<br> 7. CNAMEレコード<br> 8. MXレコード<br> 9. TXTレコード<br>,4,10,1,10,0,2019-07-04 17:54:19,2019-07-04 17:54:19
140,herkerzlab.comのNSサーバ,Internet上には、hekerzlab.comのDNSサーバとして（論理的に）２台のサーバが存在している。２台のFQDNを、Python3のList[str]型に格納してprint関数で出力したフォーマットで解答欄に入力せよ。<br> <br> Python3での実行例）<br> ‘a.root-servers.net'という文字列と、 'b.root-servers.net’という文字列をのList[str]型に格納してprint関数で出力すると、以下のような書式で出力される。<br> <br> 出力結果例   ['a.root-servers.net' 'b.root-servers.net']<br> （それぞれの文字列をシングルクォーテーション'で囲み、さらにカンマおよび空白、カンマ文字で連結した結果を[]で囲む。）<br>,['ns1.dns.ne.jp' 'ns2.dns.ne.jp'],10,1,10,0,2019-07-04 17:54:19,2019-07-04 17:54:19
141,某携帯電話会社ドメインのメールサーバのIPアドレス数,一般的に、巨大なユーザー数を抱えるドメインでは、DNSサーバが冗長化されているだけでなく、メールサーバも冗長化されている。<br> docomo.ne.jp のドメインのメールサーバに割り当てられているIPアドレスは何個あるか？(2019/07/07現在）<br> 解答欄に数値を入力せよ。,4,10,1,10,0,2019-07-04 17:54:19,2019-07-04 17:54:19
142,hackerzlab.com のゾーン情報のシリアル番号,DNSサーバは、各ドメインごとにプライマリ・サーバの他に、冗長性の確保（対障害性の確保や負荷分散）のために、一般的に１台以上のセカンダリ・サーバが設置され、プライマリ・サーバと同一のゾーン情報がセカンダリ・サーバ側でも保持されている。<br> <br> ゾーン情報の更新の確認のため、ゾーン情報にはシリアル値が割り当てられている。<br> hackerzlab.com ゾーンの 2019/07/07(Sun)現在のシリアル値は何か？<br> 解答欄に入力せよ。,2018052904,10,1,10,0,2019-07-04 17:54:19,2019-07-04 17:54:19
